Current (mA),Voltage (V)
0.0000,0.0000
0.0000,0.0000
-0.0121,0.0027
0.0000,0.0000
0.0000,0.0000
0.0000,0.0000
0.0000,0.0000
0.0000,0.0000
0.0000,0.0000
0.0000,0.0000
0.0000,0.0000
0.0000,0.0000
0.0000,0.0000
0.0000,0.0000
0.0000,0.0000
0.0000,0.0000
0.0000,0.0000
-0.0055,0.0012
0.0201,0.0472
0.0037,0.0595
0.0143,0.0636
0.0037,0.0637
0.0150,0.0641
-0.0040,0.0651
0.0128,0.0627
0.0128,0.0631
0.0066,0.0637
-0.0344,0.1293
-0.0033,0.1530
0.0015,0.1599
0.0033,0.1621
0.0033,0.1616
-0.0007,0.1621
0.0022,0.1627
0.0044,0.1620
0.0062,0.1625
-0.0564,0.1989
-0.0121,0.2445
0.0000,0.2548
-0.0015,0.2591
0.0110,0.2588
-0.0048,0.2605
0.0073,0.2596
-0.0037,0.2615
0.0029,0.2584
-0.0238,0.3281
-0.0187,0.3512
0.0029,0.3551
0.0048,0.3569
0.0011,0.3564
0.0033,0.3566
0.0037,0.3569
0.0308,0.3501
0.0359,0.2825
-0.0194,0.3288
-0.0051,0.3493
-0.0070,0.3568
0.0026,0.3563
-0.0582,0.3829
-0.0473,0.4390
0.0092,0.4487
0.0161,0.4518
0.0048,0.4546
-0.0062,0.4557
-0.0007,0.4547
0.0136,0.4532
-0.0355,0.5261
0.0048,0.5436
0.0037,0.5495
-0.0062,0.5516
0.0051,0.5519
0.0000,0.5518
-0.0322,0.6133
0.0018,0.6409
-0.0121,0.6502
-0.0051,0.6490
0.0168,0.6497
0.0004,0.6502
-0.0337,0.7139
-0.0231,0.7412
-0.0150,0.7483
-0.0007,0.7499
-0.0670,0.7855
-0.0242,0.8308
-0.0022,0.8432
0.0011,0.8452
0.0007,0.8466
0.0011,0.8466
-0.0645,0.8831
-0.0253,0.9304
-0.0026,0.9433
0.0029,0.9454
0.0029,0.9467
0.0018,0.9468
-0.0414,1.0120
-0.0081,1.0396
-0.0029,1.0477
0.0015,1.0483
0.0026,1.0486
-0.0549,1.0969
-0.0231,1.1372
-0.0033,1.1479
0.0022,1.1505
-0.0007,1.1514
-0.0392,1.2068
-0.0161,1.2446
0.0029,1.2523
0.0015,1.2550
-0.0004,1.2553
-0.0231,1.3232
-0.0059,1.3476
0.0011,1.3518
-0.0007,1.3543
-0.0641,1.3853
-0.0139,1.4387
-0.0004,1.4525
-0.0095,1.4552
-0.0018,1.4574
0.0044,1.4554
-0.0029,1.4564
-0.0623,1.4740
-0.0487,1.5357
-0.0026,1.5539
0.0037,1.5570
0.0040,1.5578
0.0128,1.5583
-0.0648,1.5802
-0.0110,1.6390
-0.1062,1.6681
-0.0044,1.6593
0.0092,1.6588
0.0212,1.6603
0.0454,1.6718
0.0026,1.7293
0.0429,1.7407
0.0769,1.7440
0.0919,1.7810
0.1982,1.7992
0.2245,1.8033
0.2443,1.8034
0.2451,1.8038
0.2432,1.8050
0.2194,1.8116
0.4374,1.8362
0.5037,1.8394
0.5209,1.8407
0.5198,1.8407
0.6495,1.8538
0.8033,1.8643
0.8359,1.8661
0.8513,1.8664
0.8538,1.8661
0.8509,1.8665
0.9850,1.8762
1.1531,1.8820
1.1923,1.8839
1.1927,1.8857
1.1916,1.8875
1.4853,1.8953
1.5549,1.8997
1.5784,1.8998
1.5821,1.9000
1.5795,1.8998
1.7905,1.9083
1.9223,1.9138
1.9520,1.9149
1.9601,1.9146
1.9630,1.9169
2.2571,1.9250
2.3473,1.9267
2.3667,1.9271
2.3659,1.9277
2.3689,1.9268
2.3700,1.9270
2.6571,1.9344
2.7773,1.9373
2.8029,1.9376
2.8114,1.9376
2.8282,1.9395
3.1568,1.9444
3.2392,1.9464
3.2593,1.9458
3.2601,1.9462
3.2601,1.9461
3.3568,1.9512
3.6608,1.9548
3.7392,1.9553
3.7447,1.9573
3.7403,1.9538
3.7575,1.9566
4.1744,1.9661
4.3011,1.9671
4.3337,1.9683
4.3425,1.9691
4.3388,1.9676
4.6901,1.9745
4.8927,1.9767
4.9601,1.9780
4.9817,1.9781
4.9996,1.9777
5.4147,1.9828
5.1824,1.9790
5.0956,1.9787
5.0652,1.9787
5.0806,1.9789
5.0963,1.9787
5.3114,1.9818
5.6641,1.9848
5.7377,1.9874
5.7707,1.9869
5.7839,1.9873
5.9143,1.9901
5.8813,1.9870
5.8158,1.9860
5.8092,1.9856
5.8077,1.9852
5.7989,1.9858
5.9432,1.9925
5.9377,1.9937
5.9381,1.9936
5.9392,1.9934
5.9209,1.9974
5.9022,2.0015
5.8996,2.0021
5.8989,2.0022
5.8912,2.0039
5.9011,2.0018
5.9007,2.0018
5.8989,2.0022
5.9004,2.0019
5.8989,2.0022
5.8912,2.0039
5.8912,2.0039
5.8890,2.0044
5.8890,2.0044
5.8897,2.0043
5.8916,2.0039
5.8908,2.0040
5.8908,2.0040
5.8905,2.0041
5.8927,2.0036
5.8901,2.0042
5.8916,2.0039
5.8894,2.0043
5.9106,1.9997
5.8971,2.0026
5.8963,2.0028
5.9026,2.0014
5.9007,2.0018
5.8963,2.0028
5.8974,2.0026
5.8927,2.0036
5.8919,2.0038
5.8927,2.0036
5.8938,2.0034
5.8934,2.0035
5.8945,2.0032
5.8952,2.0030
5.8945,2.0032
5.8974,2.0026
5.8960,2.0029
5.8971,2.0026
5.8949,2.0031
5.8982,2.0024
5.8956,2.0030
5.8919,2.0038
5.8945,2.0032
5.8923,2.0037
5.8967,2.0027
5.8949,2.0031
5.8945,2.0032
5.8989,2.0022
5.8974,2.0026
5.8963,2.0028
5.8956,2.0030
5.8974,2.0026
5.8971,2.0026
5.8967,2.0027
5.8971,2.0026
